{"accuracy": 0.8514851485148515, "confusion_matrix": [[15, 0, 0, 0, 0, 0, 0, 0, 0, 0], [0, 5, 0, 0, 0, 0, 0, 0, 0, 2], [0, 0, 12, 0, 0, 0, 0, 2, 0, 0], [0, 0, 1, 4, 0, 0, 0, 0, 0, 0], [0, 0, 0, 0, 4, 0, 5, 0, 0, 0], [0, 0, 0, 0, 0, 14, 0, 0, 0, 0], [0, 0, 0, 0, 2, 0, 5, 0, 0, 0], [0, 0, 0, 0, 0, 0, 0, 17, 0, 0], [0, 0, 0, 0, 0, 0, 0, 2, 2, 0], [1, 0, 0, 0, 0, 0, 0, 0, 0, 8]], "classification_report": {"SEATED_RX": {"precision": 0.9375, "recall": 1.0, "f1-score": 0.967741935483871, "support": 15}, "STANDING_UP_RX": {"precision": 1.0, "recall": 0.7142857142857143, "f1-score": 0.8333333333333333, "support": 7}, "WALKING_TX": {"precision": 0.9230769230769231, "recall": 0.8571428571428571, "f1-score": 0.888888888888889, "support": 14}, "TURN_TX": {"precision": 1.0, "recall": 0.8, "f1-score": 0.888888888888889, "support": 5}, "SITTING_DOWN_TX": {"precision": 0.6666666666666666, "recall": 0.4444444444444444, "f1-score": 0.5333333333333333, "support": 9}, "SEATED_TX": {"precision": 1.0, "recall": 1.0, "f1-score": 1.0, "support": 14}, "STANDING_UP_TX": {"precision": 0.5, "recall": 0.7142857142857143, "f1-score": 0.588235294117647, "support": 7}, "WALKING_RX": {"precision": 0.8095238095238095, "recall": 1.0, "f1-score": 0.8947368421052632, "support": 17}, "TURN_RX": {"precision": 1.0, "recall": 0.5, "f1-score": 0.6666666666666666, "support": 4}, "SITTING_DOWN_RX": {"precision": 0.8, "recall": 0.8888888888888888, "f1-score": 0.8421052631578948, "support": 9}, "accuracy": 0.8514851485148515, "macro avg": {"precision": 0.86367673992674, "recall": 0.7919047619047619, "f1-score": 0.8103930445975788, "support": 101}, "weighted avg": {"precision": 0.8658166503463532, "recall": 0.8514851485148515, "f1-score": 0.8476449372691188, "support": 101}}}