{"accuracy": 0.40384615384615385, "confusion_matrix": [[0, 1, 18, 0, 0, 0, 0, 0, 0, 0], [0, 2, 4, 0, 0, 0, 0, 1, 0, 0], [0, 0, 7, 7, 0, 0, 0, 0, 0, 0], [0, 0, 0, 5, 0, 0, 0, 0, 0, 0], [0, 0, 0, 0, 8, 0, 2, 0, 0, 0], [0, 0, 0, 0, 0, 10, 0, 0, 0, 0], [0, 0, 0, 0, 3, 0, 5, 0, 0, 0], [0, 0, 4, 8, 0, 0, 0, 3, 2, 0], [0, 0, 0, 4, 0, 0, 0, 0, 0, 0], [0, 1, 4, 0, 0, 0, 0, 2, 1, 2]], "classification_report": {"SEATED_RX": {"precision": 0.0, "recall": 0.0, "f1-score": 0.0, "support": 19}, "STANDING_UP_RX": {"precision": 0.5, "recall": 0.2857142857142857, "f1-score": 0.36363636363636365, "support": 7}, "WALKING_TX": {"precision": 0.1891891891891892, "recall": 0.5, "f1-score": 0.2745098039215686, "support": 14}, "TURN_TX": {"precision": 0.20833333333333334, "recall": 1.0, "f1-score": 0.3448275862068966, "support": 5}, "SITTING_DOWN_TX": {"precision": 0.7272727272727273, "recall": 0.8, "f1-score": 0.761904761904762, "support": 10}, "SEATED_TX": {"precision": 1.0, "recall": 1.0, "f1-score": 1.0, "support": 10}, "STANDING_UP_TX": {"precision": 0.7142857142857143, "recall": 0.625, "f1-score": 0.6666666666666666, "support": 8}, "WALKING_RX": {"precision": 0.5, "recall": 0.17647058823529413, "f1-score": 0.2608695652173913, "support": 17}, "TURN_RX": {"precision": 0.0, "recall": 0.0, "f1-score": 0.0, "support": 4}, "SITTING_DOWN_RX": {"precision": 1.0, "recall": 0.2, "f1-score": 0.33333333333333337, "support": 10}, "accuracy": 0.40384615384615385, "macro avg": {"precision": 0.48390809640809646, "recall": 0.458718487394958, "f1-score": 0.4005748080886981, "support": 104}, "weighted avg": {"precision": 0.4680512336762337, "recall": 0.40384615384615385, "f1-score": 0.37339640986347045, "support": 104}}}