{"accuracy": 0.39215686274509803, "confusion_matrix": [[0, 0, 14, 3, 0, 0, 0, 0, 0, 0], [0, 0, 7, 1, 0, 0, 0, 0, 0, 0], [0, 0, 12, 3, 0, 0, 0, 0, 0, 0], [0, 0, 0, 5, 0, 0, 0, 0, 0, 0], [0, 0, 0, 2, 4, 0, 2, 0, 0, 0], [0, 0, 0, 1, 0, 11, 0, 0, 0, 0], [0, 0, 0, 1, 3, 2, 2, 0, 0, 0], [0, 0, 2, 10, 0, 0, 0, 0, 4, 0], [0, 0, 0, 0, 0, 0, 0, 0, 4, 0], [0, 0, 4, 0, 0, 0, 0, 0, 3, 2]], "classification_report": {"SEATED_RX": {"precision": 0.0, "recall": 0.0, "f1-score": 0.0, "support": 17}, "STANDING_UP_RX": {"precision": 0.0, "recall": 0.0, "f1-score": 0.0, "support": 8}, "WALKING_TX": {"precision": 0.3076923076923077, "recall": 0.8, "f1-score": 0.4444444444444444, "support": 15}, "TURN_TX": {"precision": 0.19230769230769232, "recall": 1.0, "f1-score": 0.32258064516129037, "support": 5}, "SITTING_DOWN_TX": {"precision": 0.5714285714285714, "recall": 0.5, "f1-score": 0.5333333333333333, "support": 8}, "SEATED_TX": {"precision": 0.8461538461538461, "recall": 0.9166666666666666, "f1-score": 0.8799999999999999, "support": 12}, "STANDING_UP_TX": {"precision": 0.5, "recall": 0.25, "f1-score": 0.3333333333333333, "support": 8}, "WALKING_RX": {"precision": 0.0, "recall": 0.0, "f1-score": 0.0, "support": 16}, "TURN_RX": {"precision": 0.36363636363636365, "recall": 1.0, "f1-score": 0.5333333333333333, "support": 4}, "SITTING_DOWN_RX": {"precision": 1.0, "recall": 0.2222222222222222, "f1-score": 0.3636363636363636, "support": 9}, "accuracy": 0.39215686274509803, "macro avg": {"precision": 0.37812187812187814, "recall": 0.4688888888888889, "f1-score": 0.3410661453242098, "support": 102}, "weighted avg": {"precision": 0.34075238487003184, "recall": 0.39215686274509803, "f1-score": 0.30567611599869665, "support": 102}}}