{"accuracy": 0.22448979591836735, "confusion_matrix": [[0, 0, 4, 8, 0, 0, 0, 0, 2, 1], [0, 1, 5, 0, 0, 0, 0, 1, 0, 0], [0, 0, 6, 9, 0, 0, 0, 0, 0, 0], [0, 0, 0, 5, 0, 0, 0, 0, 0, 0], [0, 2, 0, 0, 5, 1, 0, 0, 0, 0], [0, 2, 0, 0, 1, 4, 0, 0, 0, 7], [0, 0, 0, 1, 5, 0, 0, 0, 0, 0], [0, 0, 4, 13, 0, 0, 0, 0, 0, 0], [0, 0, 0, 3, 0, 0, 0, 0, 0, 0], [0, 0, 4, 1, 0, 0, 0, 0, 2, 1]], "classification_report": {"SEATED_RX": {"precision": 0.0, "recall": 0.0, "f1-score": 0.0, "support": 15}, "STANDING_UP_RX": {"precision": 0.2, "recall": 0.14285714285714285, "f1-score": 0.16666666666666666, "support": 7}, "WALKING_TX": {"precision": 0.2608695652173913, "recall": 0.4, "f1-score": 0.31578947368421056, "support": 15}, "TURN_TX": {"precision": 0.125, "recall": 1.0, "f1-score": 0.2222222222222222, "support": 5}, "SITTING_DOWN_TX": {"precision": 0.45454545454545453, "recall": 0.625, "f1-score": 0.5263157894736842, "support": 8}, "SEATED_TX": {"precision": 0.8, "recall": 0.2857142857142857, "f1-score": 0.4210526315789473, "support": 14}, "STANDING_UP_TX": {"precision": 0.0, "recall": 0.0, "f1-score": 0.0, "support": 6}, "WALKING_RX": {"precision": 0.0, "recall": 0.0, "f1-score": 0.0, "support": 17}, "TURN_RX": {"precision": 0.0, "recall": 0.0, "f1-score": 0.0, "support": 3}, "SITTING_DOWN_RX": {"precision": 0.1111111111111111, "recall": 0.125, "f1-score": 0.11764705882352941, "support": 8}, "accuracy": 0.22448979591836735, "macro avg": {"precision": 0.1951526130873957, "recall": 0.25785714285714284, "f1-score": 0.17696938424492603, "support": 98}, "weighted avg": {"precision": 0.22105404085217753, "recall": 0.22448979591836735, "f1-score": 0.18429652562779497, "support": 98}}}